institution	familyname	givenname	email	date_start	date_end	status
BNL	Bishai	Mary	mbishai@bnl.gov	2006-02-13	0000-00-00	
BNL	Cherwinka	Jeff	jeff.cherwinka@icecube.wisc.edu	2006-02-13	0000-00-00	former
BNL	Diwan	Milind	diwan@bnl.gov	2006-02-13	0000-00-00	
BNL	Frank	Jim	frank@bnl.gov	2006-02-13	0000-00-00	former
BNL	Fu	Zaiwei	xiaoqiao101@163.com	2007-09-01	0000-00-00	former
BNL	Gill	Ron	rongill@bnl.gov	2010-02-25	0000-00-00	
BNL	Hackenburg	Robert	hack@bnl.gov	2006-02-13	0000-00-00	L2
BNL	Hans	Sunej	shans@bnl.gov	2009-01-08	0000-00-00	
BNL	Hu	Liangming	lhu@bnl.gov	2010-04-01	0000-00-00	
BNL	Huang	hanxiong	shawn@ciae.ac.cn	2008-01-01	0000-00-00	former
BNL	Hussain	Ghulam	gh_tuhep@hotmail.com	2011-09-01	0000-00-00	former
BNL	Jaffe	David	djaffe@bnl.gov	2006-02-13	0000-00-00	IB,L3
BNL	Kettell	Steve	kettell@bnl.gov	2006-02-13	0000-00-00	L1
BNL	Li	Kelvin	li@bnl.gov	2006-02-13	0000-00-00	former
BNL	Ling	Jiajie	jjling@bnl.gov	2010-08-01	0000-00-00	former
BNL	Littenberg	Laurence	littenbe@bnl.gov	2006-02-13	0000-00-00	L2
BNL	Qian	Xin	last.qx@gmail.com	2013-05-06	0000-00-00	
BNL	Rosero	Richard	rrosero@bnl.gov	2009-10-01	0000-00-00	
BNL	Themann	Harry	themann@bnl.gov	2011-11-07	0000-00-00	
BNL	Viren	Brett	bv@bnl.gov	2006-02-13	0000-00-00	
BNL	Worcester	Elizabeth	etworcester@gmail.com	2011-10-10	0000-00-00	
BNL	Yeh	Minfang	yeh@bnl.gov	2006-02-13	0000-00-00	L3
BNL	Zhang	Chao	chao@bnl.gov	2011-07-01	0000-00-00	
BNL	Zhang	Hongshan Kevin	zhangh@bnl.gov	2006-02-13	0000-00-00	former
BNU	Guo	Xinheng	xhguo@bnu.edu.cn	2006-02-13	0000-00-00	IB
BNU	Hu	Lijun	hulj@mail.bnu.edu.cn	2012-03-01	0000-00-00	
BNU	Wang	Naiyan	wangny@public.bta.net.cn	2006-02-13	0000-00-00	
BNU	Xu	Jing	200921220002@mail.bnu.edu.cn	2010-09-01	0000-00-00	
CalTech	Boddy	Kimberly	kboddy@caltech.edu	2008-07-15	0000-00-00	former
CalTech	Cai	Bei	beicai@caltech.edu	2009-07-01	0000-00-00	former
CalTech	Mauger	Christopher	cmauger@caltech.edu	2006-02-13	0000-00-00	former
CalTech	McKeown	Robert D.	bmck@its.caltech.edu	2006-02-13	0000-00-00	former
CalTech	Tsang	Raymond Hei-Man	tsang@caltech.edu	2006-02-13	0000-00-00	
CGNPG	Sun	Jiliang	sunjiliang@cgnpc.com.cn	2006-02-13	0000-00-00	
CGNPG	Zhang	Yixin		2006-02-13	0000-00-00	
Charles	Leitner	Rupert	Rupert.Leitner@cern.ch	2006-02-13	0000-00-00	IB
Charles	Pec	Viktor	Viktor.Pec@seznam.cz	2006-02-13	0000-00-00	
Charles	Roskovec	Bedrich	roskovec@ipnp.troja.mff.cuni.cz	2009-01-01	0000-00-00	
Charles	Vorobel	Vit	Vit.Vorobel@mff.cuni.cz	2006-02-13	0000-00-00	
CIAE	Huang	Hanxiong	draudy.won@gmail.com	2008-01-01	0000-00-00	
CIAE	REN	Jie	promren@163.com	2011-09-01	0000-00-00	
CIAE	Ruan	Xichao	ruanxc@ciae.ac.cn	2006-02-13	0000-00-00	IB
CIAE	Xin	Biao	xinbiao@ciae.ac.cn	2006-02-13	0000-00-00	former
CIAE	Zhou	Zuying	zyzhou@ciae.ac.cn	2006-02-13	0000-00-00	
CUHK	Chan	Yat Long	ylchan@phy.cuhk.edu.hk	2012-09-01	0000-00-00	
CUHK	Chu	Ming-Chung	mcchu@phy.cuhk.edu.hk	2006-02-13	0000-00-00	IB
CUHK	Hor	Joseph Yuen-Keung	Joesph@cuhk.edu.hk	2006-02-13	0000-00-00	former
CUHK	Kwan	Kin-Keung	soapkwan@gmail.com	2006-02-13	0000-00-00	
CUHK	Kwok	Man-wai Raymond	vgbraymond@gmail.com	2008-09-01	0000-00-00	
CUHK	Ngan	Sze-yuen Jacky	s0802136@mailserv.cuhk.edu.hk	2008-08-01	0000-00-00	former
CUHK	Wong	Steven, Chan-Fai	cfswong@phy.cuhk.edu.hk	2012-08-15	0000-00-00	
CUHK	Xu	Jianyi	xujianyi123@hotmail.com	2011-07-01	0000-00-00	
DGUT	Kang	Li	kangl@dgut.edu.cn	2006-02-13	0000-00-00	
DGUT	Lei	Ruiting	yunantian@163.com	2006-02-13	0000-00-00	
DGUT	Ren	Bin	renbin@dgut.edu.cn	2012-09-01	0000-00-00	
DGUT	Song	Yue	songy@dgut.edu.cn	2006-02-13	0000-00-00	former
DGUT	Wang	Ning	wangninggood@126.com	2006-02-13	0000-00-00	former
DGUT	Wei	Yadong	wyd@dgut.edu.cn	2011-01-01	0000-00-00	
DGUT	Xi	Donghe	xd212@163.com	2006-02-13	0000-00-00	former
DGUT	Yang	Lei	yangl@dgut.edu.cn	2006-02-13	0000-00-00	IB
DGUT	Yuan	Huaqian	yuanhq@dgut.edu.cn	2006-02-13	0000-00-00	former
DGUT	Zhang	Zhijian	dgutee@163.com	2006-02-13	0000-00-00	
Dubna	Alexandr	Olshevski	alexander.olchevski@cern.ch	2006-02-13	0000-00-00	
Dubna	Butorov	Ilya	butorov.ilya@gmail.com	2006-02-13	0000-00-00	
Dubna	GONCHAR	Maxim	maxim.mg.gonchar@gmail.com	2011-01-01	0000-00-00	
Dubna	Gornushkin	Yuri A.	gornushk@yandex.ru	2006-02-13	0000-00-00	
Dubna	Naumov	Dmitry	dnaumov@jinr.ru	2006-02-13	0000-00-00	IB
Dubna	Naumova	Elena	neadubna@gmail.com	2006-02-13	0000-00-00	
Dubna	Nemchenok	Igor	nemch@jinr.ru	2006-02-13	0000-00-00	
ECUST	AN	Fengpeng	anfengpeng@gmail.com	2006-02-13	0000-00-00	IB
HKU	Kwok	Talent	goodtalent@gmail.com	2006-02-13	0000-00-00	
HKU	Leung	Amy	amyleung_b@hotmail.com	2010-07-15	0000-00-00	
HKU	Leung	John K.C.	jkcleung@hku.hk	2006-02-13	0000-00-00	IB
HKU	Li	Sheng Chao	lemur.chaos@gmail.com	2014-01-01	0000-00-00	
HKU	Liu	Sishuo	lizliuku@gmail.com	2012-09-01	0000-00-00	
HKU	Ngai	Jimmy	jimngai@hku.hk	2007-09-01	0000-00-00	
HKU	Pun	Jason C.S.	jcspun@hkucc.hku.hk	2006-02-13	0000-00-00	
IHEP	Cao	Guofu	caogf@ihep.ac.cn	2010-12-01	0000-00-00	
IHEP	Cao	Jun	caoj@ihep.ac.cn	2006-02-13	0000-00-00	IB,EB,SP
IHEP	Cen	Wuron		2013-07-01	0000-00-00	
IHEP	Chang	Jinfan	jinfan.chang@ihep.ac.cn	2006-02-13	0000-00-00	
IHEP	Chen	Hesheng	chenhs@ihep.ac.cn	2006-02-13	0000-00-00	
IHEP	Cheng	Yaping	chengyp@ihep.ac.cn	2012-07-15	0000-00-00	
IHEP	Deng	Junling	dengjl@ihep.ac.cn	2006-02-13	0000-00-00	former
IHEP	Deng	Ziyan	dengzy@ihep.ac.cn	2006-02-13	0000-00-00	
IHEP	Ding	Yayun	dingyy@ihep.ac.cn	2006-02-13	0000-00-00	
IHEP	Fu	Jinyu	fujy@ihep.ac.cn	2006-02-13	0000-00-00	
IHEP	Gao	Qingwei	lixn@ihep.ac.cn	2006-02-13	0000-00-00	former
IHEP	Grassi	Marco	mgrassi@ihep.ac.cn	2013-07-01	0000-00-00	
IHEP	Guan	Mengyun	dreamy_guan@ihep.ac.cn	2006-02-13	0000-00-00	
IHEP	Guo	Cong	guocong@ihep.ac.cn	2013-06-01	0000-00-00	
IHEP	He	lei	lixn@ihep.ac.cn	2006-02-13	0000-00-00	former
IHEP	He	Miao	hem@ihep.ac.cn	2006-02-13	0000-00-00	
IHEP	Heng	Yuekun	hengyk@ihep.ac.cn	2008-07-19	0000-00-00	L2
IHEP	Hu	Tao	hut@ihep.ac.cn	2008-12-13	0000-00-00	
IHEP	Hu	Wei	huwei@ihep.ac.cn	2012-07-15	0000-00-00	
IHEP	Ji	Xiaolu	jixl@ihep.ac.cn	2006-02-13	0000-00-00	
IHEP	Li	Fei	lifei@ihep.ac.cn	2006-02-13	0000-00-00	
IHEP	Li	Jin	lij@ihep.ac.cn	2006-02-13	0000-00-00	former
IHEP	Li	Qiuju	liqj@ihep.ac.cn	2006-02-13	0000-00-00	
IHEP	Li	Sibin	lixn@ihep.ac.cn	2006-02-13	0000-00-00	former
IHEP	Li	Weidong	liwd@ihep.ac.cn	2006-02-13	0000-00-00	
IHEP	Li	Xiaonan	lixn@ihep.ac.cn	2006-02-13	0000-00-00	L2
IHEP	Li	Yufeng	liyufeng@ihep.ac.cn	2012-07-01	0000-00-00	
IHEP	Liu	Jinchang	liujinc@ihep.ac.cn	2006-02-13	0000-00-00	
IHEP	Liu	Yingbiao	liuyb@ihep.ac.cn	2010-09-01	0000-00-00	
IHEP	Lu	Haoqi	luhq@ihep.ac.cn	2006-02-13	0000-00-00	
IHEP	Ma	Qiumei	maqm@ihep.ac.cn	2008-10-01	0000-00-00	
IHEP	Ma	Xiaoyan	maxy@ihep.ac.cn	2007-01-01	0000-00-00	
IHEP	Ma	Yuqian	mayq@ihep.ac.cn	2006-02-13	0000-00-00	
IHEP	Ning	Zhe	ningzhe@ihep.ac.cn	2009-09-01	0000-00-00	
IHEP	Qi	Fazhi	qfz@ihep.ac.cn	2008-07-01	0000-00-00	
IHEP	Soeren	Jetter	jetter@ihep.ac.cn	2006-02-13	0000-00-00	
IHEP	Sun	Gongxin	sungx@ihep.ac.cn	2006-02-13	0000-00-00	
IHEP	Sun	Yaxuan	sunyx@ihep.ac.cn	2006-02-13	0000-00-00	former
IHEP	Tang	Xiao	tangx@ihep.ac.cn	2006-02-13	0000-00-00	
IHEP	Tian	Xinchun	tianxc@ihep.ac.cn	2006-02-13	0000-00-00	former
IHEP	Wang	Genyi	lixn@ihep.ac.cn	2006-02-13	0000-00-00	former
IHEP	Wang	Lingshu	wangls@ihep.ac.cn	2006-02-13	0000-00-00	
IHEP	Wang	Lingyu	wangly@ihep.ac.cn	2006-02-13	0000-00-00	
IHEP	Wang	Ruiguang	wangrg@ihep.ac.cn	2006-02-13	0000-00-00	
IHEP	Wang	Yifang	yfwang@ihep.ac.cn	2006-02-13	0000-00-00	L1
IHEP	Wang	Zheng	wz@ihep.ac.cn	2006-02-13	0000-00-00	
IHEP	Wang	Zhimin	wangzhm@ihep.ac.cn	2006-02-13	0000-00-00	
IHEP	Wen	Liangjian	wenlj@ihep.ac.cn	2006-02-13	0000-00-00	
IHEP	Xia	Dongmei	xiadm@ihep.ac.cn	2010-08-01	0000-00-00	
IHEP	Xia	Jingkai	xiajk@ihep.ac.cn	2012-07-15	0000-00-00	
IHEP	Xia	Jinkai	xiajk@ihep.ac.cn	2012-07-15	0000-00-00	former
IHEP	Xiao	Dongmei	xiadm@ihep.ac.cn	2010-08-01	0000-00-00	former
IHEP	Xing	Zhizhong	xingzz@ihep.ac.cn	2006-02-13	0000-00-00	
IHEP	Xu	Jilei	xujl@ihep.ac.cn	2006-02-13	0000-00-00	
IHEP	Yan	Xiongbo	yanxb@ihep.ac.cn	2006-02-13	0000-00-00	former
IHEP	Yang	Changgen	yangcg@ihep.ac.cn	2006-02-13	0000-00-00	L2
IHEP	Yang	Masheng	yangms@ihep.ac.cn	2012-07-15	0000-00-00	
IHEP	Yang	Xuzu	lixn@ihep.ac.cn	2006-02-13	0000-00-00	former
IHEP	Ye	Mei	yem@ihep.ac.cn	2006-02-13	0000-00-00	L3
IHEP	Yu	Zeyuan	yuzy@ihep.ac.cn	2009-08-01	0000-00-00	
IHEP	Zhan	Liang	zhanl@ihep.ac.cn	2006-02-13	0000-00-00	
IHEP	Zhang	Feihong	zhangfh@ihep.ac.cn	2010-08-01	0000-00-00	
IHEP	Zhang	Jiawen	zhangjw@ihep.ac.cn	2006-02-13	0000-00-00	
IHEP	Zhang	Shuhua	zhangsh@ihep.ac.cn	2006-02-13	0000-00-00	
IHEP	Zhang	Yinhong	zhangyh@ihep.ac.cn	2006-02-13	0000-00-00	
IHEP	Zhang	Zhiyong	zhangzhy@ihep.ac.cn	2006-02-13	0000-00-00	
IHEP	Zhao	Jie	zhaojie@ihep.ac.cn	2011-07-01	0000-00-00	
IHEP	Zhao	Qiwang	zhaoqingwang10@mails.gucas.ac.cn	2011-07-15	0000-00-00	
IHEP	Zhao	Yubin	zhaoyb@ihep.ac.cn	2006-02-13	0000-00-00	
IHEP	Zhong	Weili	zhongwl@ihep.ac.cn	2012-02-15	0000-00-00	
IHEP	Zhou	Li	zhoul@ihep.ac.cn	2008-12-13	0000-00-00	
IHEP	Zhuang	Honglin	zhuanghl@ihep.ac.cn	2006-02-13	0000-00-00	
IHEP	Zou	Jiaheng	zoujh@ihep.ac.cn	2010-09-01	0000-00-00	
IIT	de Arcos	Jose	jdearcos@hawk.iit.edu	2012-05-01	0000-00-00	
IIT	Draeger	Emily Ann	edraeger@iit.edu	2011-06-01	0000-00-00	
IIT	White	Christopher	whitec@iit.edu	2006-02-13	0000-00-00	IB,L2
IowaState	Whisnant	Kerry	whisnant@iastate.edu	2006-02-13	0000-00-00	IB
IowaState	Young	Bing-Lin	young@iastate.edu	2006-02-13	0000-00-00	
LBNL	Dwyer	Dan	DADwyer@lbl.gov	2012-05-01	0000-00-00	
LBNL	Edwards	Bill	WREdwards@lbl.gov	2006-02-13	0000-00-00	L1
LBNL	Kramer	Matt	mkramer@lbl.gov	2010-10-01	0000-00-00	
LBNL	Lee	Jason	JRLee@lbl.gov	2006-02-13	0000-00-00	L3
LBNL	Lin	Cheng-Ju	CJSLin@lbl.gov	2006-02-13	0000-00-00	L3
LBNL	Nakajima	Yasuhiro	ynakajima@lbl.gov	2011-05-17	0000-00-00	
LBNL	Ochoa	Pedro	jpochoa@lbl.gov	2009-11-09	0000-00-00	
LBNL	Patton	Simon	SJPatton@lbl.gov	2006-02-13	0000-00-00	L3
LBNL	Tsang	Patrick	kvtsang@lbl.gov	2011-08-08	0000-00-00	
LBNL	Tull	Craig E.	CETull@lbl.gov	2006-02-13	0000-00-00	L2
NanKai	Ji	Xiangpan	jixiangpan@mail.nankai.edu.cn	2010-10-01	0000-00-00	
NanKai	Li	Xueqian	lixq@nankai.edu.cn	2006-02-13	0000-00-00	
NanKai	Xu	Ye	xuye76@nankai.edu.cn	2006-02-13	0000-00-00	IB
NCEPU	Chen	Yixue	yxchen@ncepu.edu.cn	2006-02-13	0000-00-00	
NCEPU	Han	Ran	hanran@ncepu.edu.cn	2013-08-01	0000-00-00	
NCEPU	Ma	Xubo	maxb917@163.com	2011-07-11	0000-00-00	IB
NCEPU	Zhao	Yanfei	zyf860729@163.com	2012-09-01	0000-00-00	
NCTU	Chang	Li-Chu	hep.neutrino@gmail.com	2013-02-01	0000-00-00	
NCTU	Hu	Bei-Zhen	ptbei1985@gmail.com	2007-09-01	0000-00-00	
NCTU	Jen	Kou-Lun	jenkl9@hotmail.com	2013-05-01	0000-00-00	
NCTU	Lin	Guey-Lin	glin@cc.nctu.edu.tw	2006-02-13	0000-00-00	IB
NCTU	Lin	Ping Yen	pingyenlin@gmail.com	2013-02-01	0000-00-00	
NCTU	Yeh	Yung-Shun	adair.py94g@nctu.edu.tw	2006-02-13	0000-00-00	
NJU	Chen	Shenjian	sjchen@nju.edu.cn	2006-02-13	0000-00-00	former
NJU	Qi	Ming	qming@nju.edu.cn	2006-02-13	0000-00-00	IB
NJU	Wang	Wen-wen	mg1222022@smail.nju.edu.cn	2012-09-01	0000-00-00	
NJU	Yu	Guang-you	yu.guang.you@163.com	2012-09-01	0000-00-00	
NJU	Zang	Shi-lei	slz2008@gmail.com	2012-01-01	0000-00-00	
NTU	Blyth	Simon	blyth@hep1.phys.ntu.edu.tw	2013-08-01	0000-00-00	L3
NTU	Hsiung	Yee	hsiung@hep1.phys.ntu.edu.tw	2006-02-13	0000-00-00	IB,EB
NTU	Tung	Yu-Chen	yctung@hep1.phys.ntu.edu.tw	2011-11-01	0000-00-00	L3
NUDT	Wang	Xi	wangxi@nudt.edu.cn	2013-01-10	0000-00-00	IB
NUU	Blyth	Simon	blyth@hep1.phys.ntu.edu.tw	2013-08-01	0000-00-00	L3
NUU	Chang	Yun	yun@nuu.edu.tw	2006-02-13	0000-00-00	L3
NUU	Wang	Chung-Hsiang	chwang@nuu.edu.tw	2006-02-13	0000-00-00	IB
Princeton	Lu	Changguo	changguo@princeton.edu	2006-02-13	0000-00-00	
Princeton	McDonald	Kirk	kirkmcd@princeton.edu	2006-02-13	0000-00-00	IB
RPI	Iwamoto	Konosuke	iwamok@rpi.edu	2011-01-01	0000-00-00	former
RPI	Napolitano	Jim	napolj@rpi.edu	2006-02-13	0000-00-00	IB
RPI	Raper	Neill	rapern@rpi.edu	2011-07-01	0000-00-00	
RPI	Zhang	Xiao	zhangx13@rpi.edu	2011-01-01	0000-00-00	former
SDU	Chen	Quanyou	chenqy@mail.sdu.edu.cn	2013-05-01	0000-00-00	
SDU	Cheng	Jie	chengjiepanpan19901203@gmail.com	2013-10-13	0000-00-00	
SDU	Huang	Xingtao	huangxt@sdu.edu.cn	2007-06-01	0000-00-00	IB
SDU	Jiao	Jianbin	jiaojb@ihep.ac.cn	2007-06-01	0000-00-00	
SDU	Wang	Meng	mwang@ihep.ac.cn	2010-01-01	0000-00-00	L2
SDU	Wu	Qun	wuq@sdu.edu.cn	2012-01-01	0000-00-00	
SDU	Xia	Xin	xiax@hepg.sdu.edu.cn	2012-01-01	0000-00-00	
SDU	Yang	Mengting		2013-10-13	0000-00-00	
Siena	Cummings	John	jcummings@siena.edu	2009-12-01	0000-00-00	IB
SJTU	Cai	Bei	beicai@gmail.com	2006-02-13	0000-00-00	former
SJTU	Gu	Wenqiang	goowenq@gmail.com	2011-01-17	0000-00-00	
SJTU	Li	Gaosong	lgs1029@sjtu.edu.cn	2010-01-01	0000-00-00	
SJTU	Liu	Jianglai	jianglai.liu@sjtu.edu.cn	2009-03-01	0000-00-00	IB,EB,L2,L3
SZU	Chen	Yu	chenyu@szu.edu.cn	2006-02-13	0000-00-00	IB
TsingHua	Chen	Shaomin	chenshaomin@tsinghua.edu.cn	2006-02-13	0000-00-00	IB
TsingHua	Gong	Guanghua	gonggh99@tsinghua.edu.cn	2006-02-13	0000-00-00	
TsingHua	Gong	Hui	gonghui02@tsinghua.edu.cn	2006-02-13	0000-00-00	
TsingHua	HUSSAIN	GHULAM	gh_tuhep@hotmail.com	2011-09-01	0000-00-00	
TsingHua	Lebanowski	Logan	llebanowski@gmail.com	2006-02-13	0000-00-00	
TsingHua	Lebanwski	Logan	llebanowski@gmail.com	2012-06-01	0000-00-00	former
TsingHua	Liang	Li	liang-li02@tsinghua.edu.cn	2006-02-13	0000-00-00	former
TsingHua	Shao	Beibei	bbshao@tsinghua.edu.cn	2006-02-13	0000-00-00	
TsingHua	Wang	Zhe	wangzhe-hep@tsinghua.edu.cn	2011-11-01	0000-00-00	
TsingHua	Wei	Hanyu	weihy07@mails.tsinghua.edu.cn	2011-01-01	0000-00-00	
TsingHua	Xue	Tao	gbe.tao.xue@gmail.com	2006-02-13	0000-00-00	
TsingHua	Yu	Jingyi		2012-01-01	0000-00-00	
TsingHua	Zhang	Yiming		2012-01-01	0000-00-00	
TsingHua	Zhong	Ming	zhongming@tsinghua.edu.cn	2006-02-13	0000-00-00	former
TsingHua	Zhou	Guiying		2006-02-13	0000-00-00	former
UC	Johnson	Randy	Randy.Johnson@uc.edu	2008-12-12	0000-00-00	IB
UC	Littlejohn	Bryce	littlebh@uc.edu	2012-07-01	0000-00-00	
UCB	Luk	Kam-Biu	k_luk@lbl.gov	2006-02-13	0000-00-00	IB,EB,SP,L1
UCB	Steiner	Herb	HMSteiner@lbl.gov	2006-02-13	0000-00-00	
UCB	Wong	Hin-Lok Henoch	henoch.wong@berkeley.edu	2011-07-25	0000-00-00	
UH	Lau	Kwong	Lau@UH.EDU	2006-02-13	0000-00-00	IB
UH	Lin	Shih-Kai	slin8@uh.edu	2010-01-01	0000-00-00	
UH	Liu	Dawei	dwliu@uh.edu	2012-09-30	0000-00-00	
UH	Liu	Hu	hliu32@central.uh.edu	2012-12-03	0000-00-00	
UH	Mitchell	Ian	iamitchell@uh.edu	2012-09-01	0000-00-00	
UH	Pinsky	Larry	Pinsky@uh.edu	2006-02-13	0000-00-00	
UH	Whitehead	Lisa	lawhitehead@uh.edu	2011-08-16	0000-00-00	
UIUC	Ely	Ry	sethely2@illinois.edu	2006-02-13	0000-00-00	
UIUC	Huang	En-Chuan	gratain@gmail.com	2012-02-01	0000-00-00	
UIUC	Ling	Jiajie		2013-10-01	0000-00-00	
UIUC	Peng	Jen-Chieh	jcpeng@illinois.edu	2006-02-13	0000-00-00	IB
UIUC	Polly	Chris	polly@illinois.edu	2006-02-13	0000-00-00	former
USTC	Li	Dengjie	ldj@mail.ustc.edu.cn	2012-09-01	0000-00-00	
USTC	Liang	Hao	simonlh@ustc.edu.cn	2006-02-13	0000-00-00	
USTC	Zhang	Ziping	zpz@ustc.edu.cn	2006-02-13	0000-00-00	IB
USTC	Zheng	Lei	zhengl@mail.ustc.edu.cn	2006-02-13	0000-00-00	
VirginiaTech	Hor	Joseph	ykhor@vt.edu	2006-02-13	0000-00-00	
VirginiaTech	Huber	Patrick	pahuber@vt.edu	2009-07-14	0000-00-00	
VirginiaTech	Jaffke	Patrick	patrickjaffke@gmail.com	2012-04-04	0000-00-00	
VirginiaTech	Link	Jonathan	jmlink@vt.edu	2006-02-13	0000-00-00	IB,L3
VirginiaTech	Meng	Yue	mengyue@vt.edu	2001-01-09	0000-00-00	
VirginiaTech	Piilonen	Leo	piilonen@vt.edu	2006-09-15	0000-00-00	
Wisconsin	Balantekin	A. Baha	baha@physics.wisc.edu	2006-10-01	0000-00-00	IB
Wisconsin	Cherwinka	Jeff	jeff.cherwinka@icecube.wisc.edu	2006-10-01	0000-00-00	
Wisconsin	Lewis	Christine	clewis@physics.wisc.edu	2008-06-01	0000-00-00	
Wisconsin	Wise	Thomas S.	wise@physics.wisc.edu	2006-10-01	0000-00-00	
WM	McKeown	Robert D.	bmck@jlab.org	2012-06-01	0000-00-00	EB,L2
WM	Wang	Wei	ww@hep.wisc.edu	2011-05-05	0000-00-00	IB
WM	Zhao	Yanfei	zyf860729@163.com	2012-09-01	0000-00-00	former
XJTU	Monari Kebwaro	Jeremiah	jeremonari@yahoo.co.uk	2012-09-20	0000-00-00	
XJTU	Yan	Jun	yanjunttt@gmail.com	2012-07-20	0000-00-00	
XJTU	Zhang	Qingmin	zhangqingmin@mail.xjtu.edu.cn	2012-07-20	0000-00-00	IB
Yale	Band	Henry	hrb@slac.stanford.edu	2013-10-01	0000-00-00	
Yale	Heeger	Karsten	karsten.heeger@yale.edu	2013-07-12	0000-00-00	IB,EB,L2
Yale	Langford	Thomas	thomas.langford@yale.edu	2013-11-01	0000-00-00	
ZSU	Li	Zhibing	stslzb@mail.sysu.edu.cn	2006-02-13	0000-00-00	IB