##### this is file legacy_authors_affiliations_pubNames.txt 
ADD An F.~P.~ IHEP F.~P.~An 
ADD Bai J.~Z.~ IHEP J.~Z.~Bai 
ADD Balantekin A.~B.~ Wisconsin A.~B.~Balantekin 
ADD Band H.~R.~ Wisconsin H.~R.~Band 
ADD Beavis D.~ BNL D.~Beavis 
ADD Beriguete W.~ BNL W.~Beriguete 
ADD Bishai M.~ BNL M.~Bishai 
ADD Blyth S.~ NUU S.~Blyth 
ADD Brown R.~L.~ BNL R.~L.~Brown 
ADD Cao G.~F.~ IHEP G.~F.~Cao 
ADD Cao J.~ IHEP J.~Cao 
ADD Carr R.~ CalTech R.~Carr 
ADD Chan W.~T.~ BNL W.~T.~Chan 
ADD Chang J.~F.~ IHEP J.~F.~Chang 
ADD Chang Y.~ NUU Y.~Chang 
ADD Chasman C.~ BNL C.~Chasman 
ADD Chen H.~S.~ IHEP H.~S.~Chen 
ADD Chen H.~Y.~ NCTU H.~Y.~Chen 
ADD Chen S.~J.~ NJU S.~J.~Chen 
ADD Chen S.~M.~ TsingHue S.~M.~Chen 
ADD Chen X.~C.~ CUHK X.~C.~Chen 
ADD Chen X.~H.~ IHEP X.~H.~Chen 
ADD Chen X.~S.~ IHEP X.~S.~Chen 
ADD Chen Y.~ SZU Y.~Chen 
ADD Chen Y.~X.~ NCEPU Y.~X.~Chen 
ADD Cherwinka J.~J.~ Wisconsin J.~J.~Cherwinka 
ADD Chu M.~C.~ CUHK M.~C.~Chu 
ADD Cummings J.~P.~ Siena J.~P.~Cummings 
ADD Deng Z.~Y.~ IHEP Z.~Y.~Deng 
ADD Ding Y.~Y.~ IHEP Y.~Y.~Ding 
ADD Diwan M.~V.~ BNL M.~V.~Diwan 
ADD Dong L.~ IHEP L.~Dong 
ADD Draeger E.~ IIT E.~Draeger 
ADD Du X.~F.~ IHEP X.~F.~Du 
ADD Dwyer D.~A.~ CalTech D.~A.~Dwyer 
ADD Edwards W.~R.~ LBNL W.~R.~Edwards 
ADD Ely S.~R.~ UIUC S.~R.~Ely 
ADD Fang S.~D.~ NJU S.~D.~Fang 
ADD Fu J.~Y.~ IHEP J.~Y.~Fu 
ADD Fu Z.~W.~ NJU Z.~W.~Fu 
ADD Ge L.~Q.~ CDUT L.~Q.~Ge 
ADD Ghazikhanian V.~ UCLA V.~Ghazikhanian 
ADD Goett J.~ RPI J.~Goett 
ADD Gonchar M.~ Dubna M.~Gonchar 
ADD Gong G.~H.~ TsingHue G.~H.~Gong 
ADD Gong H.~ TsingHue H.~Gong 
ADD Gornushkin Y.~A.~ Dubna Y.~A.~Gornushkin 
ADD Greenler L.~S.~ Wisconsin L.~S.~Greenler 
ADD Gu W.~Q.~ SJTU W.~Q.~Gu 
ADD Guan M.~Y.~ IHEP M.~Y.~Guan 
ADD Guo X.~H.~ BNU X.~H.~Guo 
ADD Hackenburg R.~W.~ BNL R.~W.~Hackenburg 
ADD Hahn R.~L.~ BNL R.~L.~Hahn 
ADD Hans S.~ BNL S.~Hans 
ADD He M.~ IHEP M.~He 
ADD He Q.~ Princeton Q.~He 
ADD He W.~S.~ NTU W.~S.~He 
ADD Heeger K.~M.~ Wisconsin K.~M.~Heeger 
ADD Heng Y.~K.~ IHEP Y.~K.~Heng 
ADD Hinrichs P.~ Wisconsin P.~Hinrichs 
ADD Ho T.~H.~ NTU T.~H.~Ho 
ADD Hor Y.~K.~ VirginiaTech Y.~K.~Hor 
ADD Hsiung Y.~B.~ NTU Y.~B.~Hsiung 
ADD Hu B.~Z.~ NCTU B.~Z.~Hu 
ADD Hu T.~ IHEP T.~Hu 
ADD Hu T.~ BNU T.~Hu 
ADD Huang H.~X.~ CIAE H.~X.~Huang 
ADD Huang H.~Z.~ UCLA H.~Z.~Huang 
ADD Huang P.~W.~ NJU P.~W.~Huang 
ADD Huang X.~ UH X.~Huang 
ADD Huang X.~T.~ SDU X.~T.~Huang 
ADD Huber P.~ VirginiaTech P.~Huber 
ADD Isvan Z.~ BNL Z.~Isvan 
ADD Jaffe D.~E.~ BNL D.~E.~Jaffe 
ADD Jetter S.~ IHEP S.~Jetter 
ADD Ji X.~L.~ IHEP X.~L.~Ji 
ADD Ji X.~P.~ NU X.~P.~Ji 
ADD Jiang H.~J.~ CDUT H.~J.~Jiang 
ADD Jiang W.~Q.~ IHEP W.~Q.~Jiang 
ADD Jiao J.~B.~ SDU J.~B.~Jiao 
ADD Johnson R.~A.~ UC R.~A.~Johnson 
ADD Kang L.~ DGUT L.~Kang 
ADD Kettell S.~H.~ BNL S.~H.~Kettell 
ADD Kramer M.~ LBNL M.~Kramer 
ADD Kwan K.~K.~ CUHK K.~K.~Kwan 
ADD Kwok M.~W.~ CUHK M.~W.~Kwok 
ADD Kwok T.~ HKU T.~Kwok 
ADD Lai C.~Y.~ NTU C.~Y.~Lai 
ADD Lai W.~C.~ CDUT W.~C.~Lai 
ADD Lai W.~H.~ NCTU W.~H.~Lai 
ADD Lau K.~ UH K.~Lau 
ADD Lebanowski L.~ UH L.~Lebanowski 
ADD Lee J.~ LBNL J.~Lee 
ADD Lee M.~K.~P.~ HKU M.~K.~P.~Lee 
ADD Leitner R.~ Charles R.~Leitner 
ADD Leung J.~K.~C.~ HKU J.~K.~C.~Leung 
ADD Leung K.~Y.~ HKU K.~Y.~Leung 
ADD Lewis C.~A.~ Wisconsin C.~A.~Lewis 
ADD Li B.~ IHEP B.~Li 
ADD Li F.~ IHEP F.~Li 
ADD Li G.~S.~ SJTU G.~S.~Li 
ADD Li J.~ IHEP J.~Li 
ADD Li Q.~J.~ IHEP Q.~J.~Li 
ADD Li S.~F.~ DGUT S.~F.~Li 
ADD Li W.~D.~ IHEP W.~D.~Li 
ADD Li X.~B.~ IHEP X.~B.~Li 
ADD Li X.~N.~ IHEP X.~N.~Li 
ADD Li X.~Q.~ NU X.~Q.~Li 
ADD Li Y.~ DGUT Y.~Li 
ADD Li Z.~B.~ SYSU Z.~B.~Li 
ADD Liang H.~ USTC H.~Liang 
ADD Liang J.~ IHEP J.~Liang 
ADD Lin C.~J.~ LBNL C.~J.~Lin 
ADD Lin G.~L.~ NCTU G.~L.~Lin 
ADD Lin S.~K.~ UH S.~K.~Lin 
ADD Lin S.~X.~ DGUT S.~X.~Lin 
ADD Lin Y.~C.~ CDUT Y.~C.~Lin 
ADD Ling J.~J.~ BNL J.~J.~Ling 
ADD Link J.~M.~ VirginiaTech J.~M.~Link 
ADD Littenberg L.~ BNL L.~Littenberg 
ADD Littlejohn B.~R.~ Wisconsin B.~R.~Littlejohn 
ADD Liu B.~J.~ CUHK B.~J.~Liu 
ADD Liu C.~ IHEP C.~Liu 
ADD Liu D.~W.~ UIUC D.~W.~Liu 
ADD Liu H.~ HKU H.~Liu 
ADD Liu J.~C.~ IHEP J.~C.~Liu 
ADD Liu J.~L.~ SJTU J.~L.~Liu 
ADD Liu S.~ LBNL S.~Liu 
ADD Liu X.~ IHEP X.~Liu 
ADD Liu X.~ DEAD X.~Liu 
ADD Liu Y.~B.~ IHEP Y.~B.~Liu 
ADD Lu C.~ Princeton C.~Lu 
ADD Lu H.~Q.~ IHEP H.~Q.~Lu 
ADD Luk A.~ CUHK A.~Luk 
ADD Luk K.~B.~ LBNL K.~B.~Luk 
ADD Luo T.~ IHEP T.~Luo 
ADD Luo X.~L.~ IHEP X.~L.~Luo 
ADD Ma L.~H.~ IHEP L.~H.~Ma 
ADD Ma Q.~M.~ IHEP Q.~M.~Ma 
ADD Ma X.~B.~ NCEPU X.~B.~Ma 
ADD Ma X.~Y.~ IHEP X.~Y.~Ma 
ADD Ma Y.~Q.~ IHEP Y.~Q.~Ma 
ADD Mayes B.~ UH B.~Mayes 
ADD McDonald K.~T.~ Princeton K.~T.~McDonald 
ADD McFarlane M.~C.~ Wisconsin M.~C.~McFarlane 
ADD McKeown R.~D.~ CalTech R.~D.~McKeown 
ADD Meng Y.~ VirginiaTech Y.~Meng 
ADD Mohapatra D.~ VirginiaTech D.~Mohapatra 
ADD Morgan  J.~E.~ VirginiaTech  J.~E.~Morgan 
ADD Nakajima Y.~ LBNL Y.~Nakajima 
ADD Napolitano J.~ RPI J.~Napolitano 
ADD Naumov D.~ Dubna D.~Naumov 
ADD Nemchenok I.~ Dubna I.~Nemchenok 
ADD Newsom C.~ UH C.~Newsom 
ADD Ngai H.~Y.~ HKU H.~Y.~Ngai 
ADD Ngai W.~K.~ UIUC W.~K.~Ngai 
ADD Nie Y.~B.~ CIAE Y.~B.~Nie 
ADD Ning Z.~ IHEP Z.~Ning 
ADD Ochoa-Ricoux J.~P.~ LBNL J.~P.~Ochoa-Ricoux 
ADD Pagac A.~ Wisconsin A.~Pagac 
ADD Patton S.~ LBNL S.~Patton 
ADD Pearson C.~ BNL C.~Pearson 
ADD Pec V.~ Charles V.~Pec 
ADD Peng J.~C.~ UIUC J.~C.~Peng 
ADD Piilonen L.~E.~ VirginiaTech L.~E.~Piilonen 
ADD Pinsky L.~ UH L.~Pinsky 
ADD Pun C.~S.~J.~ HKU C.~S.~J.~Pun 
ADD Qi F.~Z.~ IHEP F.~Z.~Qi 
ADD Qi M.~ NJU M.~Qi 
ADD Qian X.~ CalTech X.~Qian 
ADD Raper N.~ RPI N.~Raper 
ADD Rosero R.~ BNL R.~Rosero 
ADD Roskovec B.~ Charles B.~Roskovec 
ADD Ruan X.~C.~ CIAE X.~C.~Ruan 
ADD Seilhan B.~ IIT B.~Seilhan 
ADD Shao B.~B.~ TsingHue B.~B.~Shao 
ADD Shih K.~ CUHK K.~Shih 
ADD Steiner H.~ LBNL H.~Steiner 
ADD Stoler P.~ RPI P.~Stoler 
ADD Sun G.~X.~ IHEP G.~X.~Sun 
ADD Sun J.~L.~ CGNPG J.~L.~Sun 
ADD Tam Y.~H.~ CUHK Y.~H.~Tam 
ADD Tanaka H.~K.~ BNL H.~K.~Tanaka 
ADD Tang X.~ IHEP X.~Tang 
ADD Themann H.~ BNL H.~Themann 
ADD Torun Y.~ IIT Y.~Torun 
ADD Trentalange S.~ UCLA S.~Trentalange 
ADD Tsai O.~ UCLA O.~Tsai 
ADD Tsang K.~V.~ LBNL K.~V.~Tsang 
ADD Tsang R.~H.~M.~ CalTech R.~H.~M.~Tsang 
ADD Viren B.~ BNL B.~Viren 
ADD Virostek S.~ LBNL S.~Virostek 
ADD Vorobel V.~ Charles V.~Vorobel 
ADD Wang C.~H.~ NUU C.~H.~Wang 
ADD Wang L.~S.~ IHEP L.~S.~Wang 
ADD Wang L.~Y.~ IHEP L.~Y.~Wang 
ADD Wang L.~Z.~ NCEPU L.~Z.~Wang 
ADD Wang M.~ SDU M.~Wang 
ADD Wang N.~Y.~ BNU N.~Y.~Wang 
ADD Wang R.~G.~ IHEP R.~G.~Wang 
ADD Wang T.~ IHEP T.~Wang 
ADD Wang W.~ WM W.~Wang 
ADD Wang X.~ TsingHue X.~Wang 
ADD Wang X.~ IHEP X.~Wang 
ADD Wang Y.~F.~ IHEP Y.~F.~Wang 
ADD Wang Z.~ TsingHue Z.~Wang 
ADD Wang Z.~ IHEP Z.~Wang 
ADD Wang Z.~M.~ IHEP Z.~M.~Wang 
ADD Webber D.~M.~ Wisconsin D.~M.~Webber 
ADD Wei Y.~D.~ DGUT Y.~D.~Wei 
ADD Wen L.~J.~ IHEP L.~J.~Wen 
ADD Wenman D.~L.~ Wisconsin D.~L.~Wenman 
ADD Whisnant K.~ IowaState K.~Whisnant 
ADD White C.~G.~ IIT C.~G.~White 
ADD Whitehead L.~ UH L.~Whitehead 
ADD Whitten~Jr. C.~A.~ UCLA C.~A.~Whitten~Jr. 
ADD Whitten~Jr. C.~A.~ DEAD C.~A.~Whitten~Jr. 
ADD Wise T.~ Wisconsin T.~Wise 
ADD Wong H.~C.~ HKU H.~C.~Wong 
ADD Wong H.~L.~H.~ UCB H.~L.~H.~Wong 
ADD Wong J.~ CUHK J.~Wong 
ADD Wu F.~F.~ CalTech F.~F.~Wu 
ADD Wu Q.~ SDU Q.~Wu 
ADD Xia D.~M.~ IHEP D.~M.~Xia 
ADD Xiang S.~T.~ USTC S.~T.~Xiang 
ADD Xiao Q.~ Wisconsin Q.~Xiao 
ADD Xing Z.~Z.~ IHEP Z.~Z.~Xing 
ADD Xu G.~ UH G.~Xu 
ADD Xu J.~ CUHK J.~Xu 
ADD Xu J.~ BNU J.~Xu 
ADD Xu J.~L.~ IHEP J.~L.~Xu 
ADD Xu W.~ UCLA W.~Xu 
ADD Xu Y.~ NU Y.~Xu 
ADD Xue T.~ TsingHue T.~Xue 
ADD Yang C.~G.~ IHEP C.~G.~Yang 
ADD Yang L.~ DGUT L.~Yang 
ADD Ye M.~ IHEP M.~Ye 
ADD Yeh M.~ BNL M.~Yeh 
ADD Yeh Y.~S.~ NCTU Y.~S.~Yeh 
ADD Yip K.~ BNL K.~Yip 
ADD Young B.~L.~ IowaState B.~L.~Young 
ADD Yu Z.~Y.~ IHEP Z.~Y.~Yu 
ADD Zhan L.~ IHEP L.~Zhan 
ADD Zhang C.~ BNL C.~Zhang 
ADD Zhang F.~H.~ IHEP F.~H.~Zhang 
ADD Zhang J.~W.~ IHEP J.~W.~Zhang 
ADD Zhang Q.~M.~ IHEP Q.~M.~Zhang 
ADD Zhang K.~ BNL K.~Zhang 
ADD Zhang Q.~X.~ CDUT Q.~X.~Zhang 
ADD Zhang S.~H.~ IHEP S.~H.~Zhang 
ADD Zhang Y.~C.~ USTC Y.~C.~Zhang 
ADD Zhang Y.~H.~ IHEP Y.~H.~Zhang 
ADD Zhang Y.~X.~ CGNPG Y.~X.~Zhang 
ADD Zhang Z.~J.~ DGUT Z.~J.~Zhang 
ADD Zhang Z.~P.~ USTC Z.~P.~Zhang 
ADD Zhang Z.~Y.~ IHEP Z.~Y.~Zhang 
ADD Zhao J.~ IHEP J.~Zhao 
ADD Zhao Q.~W.~ IHEP Q.~W.~Zhao 
ADD Zhao Y.~B.~ IHEP Y.~B.~Zhao 
ADD Zheng L.~ USTC L.~Zheng 
ADD Zhong W.~L.~ LBNL W.~L.~Zhong 
ADD Zhou L.~ IHEP L.~Zhou 
ADD Zhou Z.~Y.~ CIAE Z.~Y.~Zhou 
ADD Zhuang H.~L.~ IHEP H.~L.~Zhuang 
ADD Zou J.~H.~ IHEP J.~H.~Zou 
